{"cameraMode":{"drawMode":0,"name":"Shaded","section":"Shading Mode"},"sceneLighting":true,"audioPlay":false,"sceneViewState":{"showFog":true,"showMaterialUpdate":false,"showSkybox":true,"showFlares":true,"showImageEffects":true,"showParticleSystems":true},"in2DMode":false,"pivot":{"x":172.46368408203126,"y":34.35795593261719,"z":276.0151062011719},"rotation":{"x":-0.31570160388946535,"y":0.6663031578063965,"z":-0.3738345503807068,"w":-0.5626903176307678},"size":351.6448974609375,"orthographic":false}